Código de la muestra ,Fecha de Toma,Hora de la Toma,Municipio , Parque Público,Fecha de anáisis ,Hora de análisis ,Examen Macroscopico  -  Presencia de sangre,Examen Macroscopico  - Presencia de moco,Examen Macroscopico -  Presencia de alimentos sin digerir ,Color ,Consistencia ,Hallazgos Examen Directo (Solución Salina),Hallazgos Examen Directo (Lugol),Halazgos Flotación de Sheather,Estructuras Parasitarias ,Parásito zoonótico observado
BAR001,20/12/2025,9:00:00,Barbosa,Parque Lineal ,21/12/2025,9:16:00,Ausente,Presente,Presente,Amarillo ,Pastosa,Positivo ,Positivo ,Positivo ,Huevos,"Ancylostoma caninum, Toxocara Canis"
BAR002,20/12/2025,9:00:00,Barbosa,Parque Lineal ,21/12/2025,9:16:00,Ausente,Ausente,Ausente,Café,Dura,Negativo,Negativo,Negativo,No se observan estructuras parasitarias,No se observan estructuras parasitarias
BAR003,20/12/2025,9:00:00,Barbosa,Parque Lineal ,21/12/2025,9:16:00,Ausente,Ausente,Ausente,Café,Dura,Negativo,Negativo,Negativo,No se observan estructuras parasitarias,No se observan estructuras parasitarias
BAR004,20/12/2025,9:20:00,Barbosa,Parque Lineal ,21/12/2025,9:16:00,Ausente,Ausente,Presente,Café,Pastosa,Negativo,Negativo,Positivo ,Huevos,Toxocara Canis
BAR005,20/12/2025,9:45:00,Barbosa,Parque Lineal ,21/12/2025,9:16:00,Ausente,Ausente,Ausente,Café,Dura,Negativo,Negativo,Negativo,No se observan estructuras parasitarias,No se observan estructuras parasitarias
BAR006,20/12/2025,9:45:00,Barbosa,Parque Lineal ,21/12/2025,9:16:00,Ausente,Presente,Presente,Amarillo ,Diarreica,Positivo ,Positivo ,Negativo,Quistes,Giardia intestinalis
BAR007,20/12/2025,9:45:00,Barbosa,Parque Lineal ,21/12/2025,9:16:00,Ausente,Ausente,Ausente,Café,Dura,Negativo,Negativo,Negativo,No se observan estructuras parasitarias,No se observan estructuras parasitarias
BAR008,20/12/2025,10:03:00,Barbosa,Parque Lineal ,21/12/2025,9:16:00,Ausente,Ausente,Ausente,Café,Dura,Negativo,Negativo,Positivo ,Huevos,Toxocara Canis
BAR009,20/12/2025,10:03:00,Barbosa,Parque Lineal ,21/12/2025,9:16:00,Ausente,Ausente,Ausente,Café,Dura,Negativo,Negativo,Negativo,No se observan estructuras parasitarias,No se observan estructuras parasitarias
BAR010,20/12/2025,10:20:00,Barbosa,Parque Diego Echavarría Misas ,21/12/2025,9:16:00,Ausente,Ausente,Ausente,Café,Pastosa,Positivo ,Negativo,Positivo ,Huevos,Ancylostoma caninum
BAR011,20/12/2025,10:20:00,Barbosa,Parque Diego Echavarría Misas ,21/12/2025,13:37:00,Ausente,Ausente,Ausente,Café,Dura,Negativo,Negativo,Negativo,No se observan estructuras parasitarias,No se observan estructuras parasitarias
BAR012,20/12/2025,10:20:00,Barbosa,Parque Diego Echavarría Misas ,21/12/2025,13:37:00,Ausente,Ausente,Ausente,Café,Dura,Negativo,Negativo,Negativo,No se observan estructuras parasitarias,No se observan estructuras parasitarias
BAR013,20/12/2025,10:31:00,Barbosa,Parque Diego Echavarría Misas ,21/12/2025,13:37:00,Ausente,Ausente,Ausente,Café,Dura,Negativo,Negativo,Negativo,No se observan estructuras parasitarias,No se observan estructuras parasitarias
BAR014,20/12/2025,10:31:00,Barbosa,Parque Diego Echavarría Misas ,21/12/2025,13:37:00,Ausente,Presente,Ausente,Café,Diarreica,Positivo ,Negativo,Positivo ,Huevos,Trichuris vulpis
BAR015,20/12/2025,10:31:00,Barbosa,Parque Diego Echavarría Misas ,21/12/2025,13:37:00,Ausente,Ausente,Ausente,Café,Dura,Negativo,Negativo,Negativo,No se observan estructuras parasitarias,No se observan estructuras parasitarias
BAR016,20/12/2025,10:31:00,Barbosa,Parque Diego Echavarría Misas ,21/12/2025,13:37:00,Ausente,Ausente,Ausente,Café,Dura,Negativo,Negativo,Positivo ,Huevos,Toxocara Canis
BAR017,20/12/2025,12:04:00,Barbosa,Parque Diego Echavarría Misas ,21/12/2025,13:37:00,Ausente,Ausente,Ausente,Café,Dura,Negativo,Negativo,Negativo,No se observan estructuras parasitarias,No se observan estructuras parasitarias
BAR018,20/12/2025,12:04:00,Barbosa,Parque Diego Echavarría Misas ,21/12/2025,13:37:00,Ausente,Ausente,Ausente,Café,Dura,Negativo,Negativo,Positivo ,Huevos,Toxocara Canis
BAR019,20/12/2025,12:50:00,Barbosa,Parque Diego Echavarría Misas ,21/12/2025,13:37:00,Ausente,Presente,Ausente,Café,Dura,Negativo,Negativo,Negativo,No se observan estructuras parasitarias,No se observan estructuras parasitarias
BAR020,20/12/2025,12:59:00,Barbosa,Parque Diego Echavarría Misas ,21/12/2025,13:37:00,Ausente,Ausente,Ausente,Café,Dura,Negativo,Negativo,Negativo,No se observan estructuras parasitarias,No se observan estructuras parasitarias
BAR021,20/12/2025,13:13:00,Barbosa,Parque Lineal ,21/12/2025,13:37:00,Ausente,Ausente,Ausente,Café,Dura,Negativo,Negativo,Negativo,No se observan estructuras parasitarias,No se observan estructuras parasitarias
BAR022,20/12/2025,13:19:00,Barbosa,Parque Lineal ,21/12/2025,13:37:00,Ausente,Ausente,Ausente,Café,Dura,Negativo,Negativo,Negativo,No se observan estructuras parasitarias,No se observan estructuras parasitarias
BAR023,20/12/2025,13:35:00,Barbosa,Parque Lineal ,21/12/2025,16:55:00,Ausente,Ausente,Ausente,Café,Dura,Negativo,Negativo,Negativo,No se observan estructuras parasitarias,No se observan estructuras parasitarias
BAR024,20/12/2025,13:47:00,Barbosa,Parque Lineal ,21/12/2025,16:55:00,Ausente,Ausente,Presente,Café,Dura,Negativo,Negativo,Positivo ,Huevos,Toxocara Canis
BAR025,20/12/2025,15:00:00,Barbosa,Parque Lineal ,21/12/2025,16:55:00,Ausente,Ausente,Ausente,Café,Dura,Negativo,Negativo,Negativo,No se observan estructuras parasitarias,No se observan estructuras parasitarias
BAR026,20/12/2025,15:47:00,Barbosa,Parque Lineal ,21/12/2025,16:55:00,Ausente,Presente,Ausente,Café,Dura,Negativo,Negativo,Positivo ,Huevos,Ancylostoma caninum
BAR027,20/12/2025,15:47:00,Barbosa,Parque Lineal ,21/12/2025,16:55:00,Ausente,Ausente,Ausente,Café,Dura,Negativo,Negativo,Negativo,No se observan estructuras parasitarias,No se observan estructuras parasitarias
BAR028,20/12/2025,16:26:00,Barbosa,Parque Diego Echavarría Misas ,21/12/2025,16:55:00,Ausente,Ausente,Ausente,Café,Dura,Negativo,Negativo,Negativo,No se observan estructuras parasitarias,No se observan estructuras parasitarias
BAR029,20/12/2025,16:48:00,Barbosa,Parque Diego Echavarría Misas ,21/12/2025,16:55:00,Ausente,Ausente,Ausente,Café,Dura,Negativo,Negativo,Negativo,No se observan estructuras parasitarias,No se observan estructuras parasitarias
BAR030,20/12/2025,17:02:00,Barbosa,Parque Diego Echavarría Misas ,21/12/2025,16:55:00,Ausente,Ausente,Presente,Café,Dura,Negativo,Negativo,Positivo ,Huevos,Trichuris vulpis
BAR031,20/12/2025,17:26:00,Barbosa,Parque Diego Echavarría Misas ,21/12/2025,16:55:00,Ausente,Ausente,Ausente,Café,Dura,Negativo,Negativo,Negativo,No se observan estructuras parasitarias,No se observan estructuras parasitarias
BAR032,20/12/2025,17:53:00,Barbosa,Parque Diego Echavarría Misas ,21/12/2025,16:55:00,Ausente,Ausente,Ausente,Café,Dura,Negativo,Negativo,Negativo,No se observan estructuras parasitarias,No se observan estructuras parasitarias
GIR001,9/01/2026,8:46:00,Girardota,Parquesito de Enka,10/01/2026,8:33:00,Ausente,Ausente,Presente,Café,Dura,Negativo,Negativo,Positivo ,Huevos,Ancylostoma caninum
GIR002,9/01/2026,8:46:00,Girardota,Parquesito de Enka,10/01/2026,8:33:00,Ausente,Ausente,Ausente,Café,Dura,Negativo,Negativo,Negativo,No se observan estructuras parasitarias,No se observan estructuras parasitarias
GIR003,9/01/2026,8:46:00,Girardota,Parquesito de Enka,10/01/2026,8:33:00,Ausente,Ausente,Ausente,Café,Dura,Negativo,Negativo,Negativo,No se observan estructuras parasitarias,No se observan estructuras parasitarias
GIR004,9/01/2026,8:46:00,Girardota,Parquesito de Enka,10/01/2026,8:33:00,Ausente,Ausente,Ausente,Café,Dura,Negativo,Negativo,Negativo,No se observan estructuras parasitarias,No se observan estructuras parasitarias
GIR005,9/01/2026,8:46:00,Girardota,Parquesito de Enka,10/01/2026,8:33:00,Ausente,Ausente,Ausente,Café,Dura,Negativo,Negativo,Negativo,No se observan estructuras parasitarias,No se observan estructuras parasitarias
GIR006,9/01/2026,9:00:00,Girardota,Parquesito de Enka,10/01/2026,8:33:00,Ausente,Ausente,Ausente,Café,Dura,Negativo,Negativo,Negativo,No se observan estructuras parasitarias,No se observan estructuras parasitarias
GIR007,9/01/2026,9:05:00,Girardota,Parquesito de Enka,10/01/2026,8:33:00,Ausente,Presente,Ausente,Amarillo ,Pastosa,Negativo,Negativo,Positivo ,Huevos,Trichuris vulpis
GIR008,9/01/2026,9:17:00,Girardota,Parquesito de Enka,10/01/2026,8:33:00,Ausente,Ausente,Ausente,Café,Dura,Positivo ,Negativo,Positivo ,Huevos,Trichuris vulpis
GIR009,9/01/2026,9:17:00,Girardota,Parquesito de Enka,10/01/2026,8:33:00,Ausente,Ausente,Ausente,Café,Dura,Negativo,Negativo,Negativo,No se observan estructuras parasitarias,No se observan estructuras parasitarias
GIR010,9/01/2026,9:58:00,Girardota,Parquesito de Enka,10/01/2026,8:33:00,Ausente,Ausente,Ausente,Café,Dura,Negativo,Negativo,Negativo,No se observan estructuras parasitarias,No se observan estructuras parasitarias
GIR011,9/01/2026,9:58:00,Girardota,Parquesito de Enka,10/01/2026,11:41:00,Ausente,Ausente,Ausente,Café,Dura,Positivo ,Negativo,Positivo ,Huevos,Ancylostoma caninum
GIR012,9/01/2026,10:13:00,Girardota,Parquesito de Enka,10/01/2026,11:41:00,Ausente,Ausente,Ausente,Café,Dura,Negativo,Negativo,Negativo,No se observan estructuras parasitarias,No se observan estructuras parasitarias
GIR013,9/01/2026,10:42:00,Girardota,Parquesito de Enka,10/01/2026,11:41:00,Ausente,Ausente,Ausente,Café,Dura,Negativo,Negativo,Negativo,No se observan estructuras parasitarias,No se observan estructuras parasitarias
GIR014,9/01/2026,11:02:00,Girardota,Parquesito de Enka,10/01/2026,11:41:00,Ausente,Ausente,Ausente,Amarillo ,Diarreica,Positivo ,Positivo ,Positivo ,Huevos,Ancylostoma caninum
GIR015,9/01/2026,11:41:00,Girardota,Parque de la Poesía,10/01/2026,11:41:00,Ausente,Ausente,Ausente,Café,Dura,Negativo,Negativo,Negativo,No se observan estructuras parasitarias,No se observan estructuras parasitarias
GIR016,9/01/2026,11:47:00,Girardota,Parque de la Poesía,10/01/2026,11:41:00,Ausente,Ausente,Ausente,Café,Dura,Negativo,Negativo,Negativo,No se observan estructuras parasitarias,No se observan estructuras parasitarias
GIR017,9/01/2026,12:00:00,Girardota,Parque de la Poesía,10/01/2026,11:41:00,Ausente,Ausente,Ausente,Café,Dura,Negativo,Negativo,Negativo,No se observan estructuras parasitarias,No se observan estructuras parasitarias
GIR018,9/01/2026,13:48:00,Girardota,Parque de la Poesía,10/01/2026,11:41:00,Ausente,Ausente,Ausente,Café,Dura,Negativo,Negativo,Negativo,No se observan estructuras parasitarias,No se observan estructuras parasitarias
GIR019,9/01/2026,13:50:00,Girardota,Parque de la Poesía,10/01/2026,11:41:00,Ausente,Ausente,Ausente,Café,Dura,Negativo,Negativo,Negativo,No se observan estructuras parasitarias,No se observan estructuras parasitarias
GIR020,9/01/2026,14:11:00,Girardota,Parque de la Poesía,10/01/2026,11:41:00,Ausente,Ausente,Ausente,Café,Dura,Negativo,Negativo,Negativo,No se observan estructuras parasitarias,No se observan estructuras parasitarias
GIR021,9/01/2026,14:29:00,Girardota,Parque de la Poesía,10/01/2026,11:41:00,Ausente,Ausente,Ausente,Café,Dura,Negativo,Negativo,Positivo ,Huevos,Ancylostoma caninum
GIR022,9/01/2026,14:41:00,Girardota,Parque de la Poesía,10/01/2026,15:28:00,Ausente,Ausente,Ausente,Café,Dura,Negativo,Negativo,Negativo,No se observan estructuras parasitarias,No se observan estructuras parasitarias
GIR023,9/01/2026,14:43:00,Girardota,Parque de la Poesía,10/01/2026,15:28:00,Ausente,Ausente,Ausente,Café,Dura,Negativo,Negativo,Negativo,No se observan estructuras parasitarias,No se observan estructuras parasitarias
GIR024,9/01/2026,15:06:00,Girardota,Parque de la Poesía,10/01/2026,15:28:00,Ausente,Ausente,Ausente,Café,Dura,Negativo,Negativo,Negativo,No se observan estructuras parasitarias,No se observan estructuras parasitarias
GIR025,9/01/2026,15:34:00,Girardota,Parquesito de Enka,10/01/2026,15:28:00,Ausente,Ausente,Ausente,Café,Dura,Negativo,Negativo,Negativo,No se observan estructuras parasitarias,No se observan estructuras parasitarias
GIR026,9/01/2026,15:38:00,Girardota,Parquesito de Enka,10/01/2026,15:28:00,Ausente,Ausente,Ausente,Café,Dura,Negativo,Negativo,Negativo,No se observan estructuras parasitarias,No se observan estructuras parasitarias
GIR027,9/01/2026,16:02:00,Girardota,Parquesito de Enka,10/01/2026,15:28:00,Ausente,Ausente,Ausente,Café,Dura,Negativo,Negativo,Negativo,No se observan estructuras parasitarias,No se observan estructuras parasitarias
GIR028,9/01/2026,16:13:00,Girardota,Parquesito de Enka,10/01/2026,15:28:00,Ausente,Presente,Presente,Café,Pastosa,Positivo ,Positivo ,Positivo ,Huevos,"Toxocara Canis, Ancylostoma caninum"
GIR029,9/01/2026,16:37:00,Girardota,Parquesito de Enka,10/01/2026,15:28:00,Ausente,Ausente,Ausente,Café,Dura,Negativo,Negativo,Negativo,"No se observan estructuras parasitarias, Quistes",No se observan estructuras parasitarias
GIR030,9/01/2026,17:09:00,Girardota,Parque de la Poesía,10/01/2026,15:28:00,Ausente,Ausente,Ausente,Café,Dura,Negativo,Negativo,Negativo,"No se observan estructuras parasitarias, Quistes",No se observan estructuras parasitarias
GIR031,9/01/2026,17:14:00,Girardota,Parque de la Poesía,10/01/2026,15:28:00,Ausente,Ausente,Ausente,Café,Dura,Negativo,Negativo,Negativo,"No se observan estructuras parasitarias, Quistes",No se observan estructuras parasitarias
GIR032,9/01/2026,17:29:00,Girardota,Parque de la Poesía,10/01/2026,15:28:00,Ausente,Ausente,Ausente,Café,Dura,Negativo,Negativo,Negativo,"No se observan estructuras parasitarias, Quistes",No se observan estructuras parasitarias
COP001,18/01/2026,10:16:00,Copacabana,Parque principal de Copacabana ,19/01/2026,9:46:00,Ausente,Presente,Ausente,Café,Pastosa,Positivo ,Positivo ,Positivo ,Huevos,Ancylostoma caninum
COP002,18/01/2026,10:24:00,Copacabana,Parque principal de Copacabana ,19/01/2026,9:46:00,Ausente,Ausente,Ausente,Café,Dura,Negativo,Negativo,Negativo,No se observan estructuras parasitarias,No se observan estructuras parasitarias
COP003,18/01/2026,10:38:00,Copacabana,Parque principal de Copacabana ,19/01/2026,9:46:00,Ausente,Ausente,Ausente,Café,Dura,Negativo,Negativo,Negativo,No se observan estructuras parasitarias,No se observan estructuras parasitarias
COP004,18/01/2026,10:52:00,Copacabana,Parque principal de Copacabana ,19/01/2026,9:46:00,Ausente,Ausente,Ausente,Café,Dura,Negativo,Negativo,Negativo,No se observan estructuras parasitarias,No se observan estructuras parasitarias
COP005,18/01/2026,11:00:00,Copacabana,Parque principal de Copacabana ,19/01/2026,9:46:00,Ausente,Ausente,Ausente,Café,Dura,Negativo,Negativo,Positivo ,Huevos,Toxocara Canis
COP006,18/01/2026,11:07:00,Copacabana,Parque principal de Copacabana ,19/01/2026,9:46:00,Ausente,Ausente,Ausente,Café,Dura,Negativo,Negativo,Negativo,No se observan estructuras parasitarias,No se observan estructuras parasitarias
COP007,18/01/2026,11:28:00,Copacabana,Parque principal de Copacabana ,19/01/2026,9:46:00,Ausente,Ausente,Ausente,Café,Dura,Negativo,Negativo,Negativo,No se observan estructuras parasitarias,No se observan estructuras parasitarias
COP008,18/01/2026,12:30:00,Copacabana,Parque principal de Copacabana ,19/01/2026,9:46:00,Ausente,Ausente,Ausente,Café,Dura,Negativo,Negativo,Negativo,No se observan estructuras parasitarias,No se observan estructuras parasitarias
COP009,18/01/2026,12:30:00,Copacabana,Parque principal de Copacabana ,19/01/2026,9:46:00,Ausente,Ausente,Ausente,Café,Dura,Positivo ,Positivo ,Positivo ,Huevos,Ancylostoma caninum
COP010,18/01/2026,12:47:00,Copacabana,Parque principal de Copacabana ,19/01/2026,9:46:00,Ausente,Ausente,Ausente,Café,Dura,Negativo,Negativo,Negativo,No se observan estructuras parasitarias,No se observan estructuras parasitarias
COP011,18/01/2026,14:23:00,Copacabana,Parque de Recreo Deportivo los Fundadores ,19/01/2026,9:46:00,Ausente,Ausente,Ausente,Café,Dura,Negativo,Negativo,Negativo,No se observan estructuras parasitarias,No se observan estructuras parasitarias
COP012,18/01/2026,14:23:00,Copacabana,Parque de Recreo Deportivo los Fundadores ,19/01/2026,14:05:00,Ausente,Ausente,Ausente,Café,Dura,Negativo,Negativo,Negativo,No se observan estructuras parasitarias,No se observan estructuras parasitarias
COP013,18/01/2026,14:30:00,Copacabana,Parque de Recreo Deportivo los Fundadores ,19/01/2026,14:05:00,Ausente,Ausente,Ausente,Café,Dura,Negativo,Negativo,Negativo,No se observan estructuras parasitarias,No se observan estructuras parasitarias
COP014,18/01/2026,14:51:00,Copacabana,Parque de Recreo Deportivo los Fundadores ,19/01/2026,14:05:00,Ausente,Ausente,Ausente,Café,Dura,Negativo,Negativo,Negativo,No se observan estructuras parasitarias,No se observan estructuras parasitarias
COP015,18/01/2026,14:29:00,Copacabana,Parque de Recreo Deportivo los Fundadores ,19/01/2026,14:05:00,Ausente,Ausente,Ausente,Café,Dura,Negativo,Negativo,Negativo,No se observan estructuras parasitarias,No se observan estructuras parasitarias
COP016,18/01/2026,15:08:00,Copacabana,Parque de Recreo Deportivo los Fundadores ,19/01/2026,14:05:00,Ausente,Presente,Ausente,Café,Dura,Negativo,Negativo,Negativo,No se observan estructuras parasitarias,No se observan estructuras parasitarias
COP017,18/01/2026,15:23:00,Copacabana,Parque de Recreo Deportivo los Fundadores ,19/01/2026,14:05:00,Ausente,Ausente,Ausente,Café,Dura,Negativo,Negativo,Negativo,No se observan estructuras parasitarias,No se observan estructuras parasitarias
COP018,18/01/2026,15:29:00,Copacabana,Parque de Recreo Deportivo los Fundadores ,19/01/2026,14:05:00,Ausente,Ausente,Ausente,Café,Dura,Positivo ,Negativo,Negativo,Quistes,Giardia intestinalis
COP019,18/01/2026,15:34:00,Copacabana,Parque de Recreo Deportivo los Fundadores ,19/01/2026,14:05:00,Ausente,Ausente,Ausente,Café,Dura,Negativo,Negativo,Negativo,No se observan estructuras parasitarias,No se observan estructuras parasitarias
COP020,18/01/2026,15:51:00,Copacabana,Parque de Recreo Deportivo los Fundadores ,19/01/2026,14:05:00,Ausente,Ausente,Ausente,Café,Dura,Negativo,Negativo,Negativo,No se observan estructuras parasitarias,No se observan estructuras parasitarias
COP021,18/01/2026,16:20:00,Copacabana,Parque de Recreo Deportivo los Fundadores ,19/01/2026,14:05:00,Ausente,Ausente,Ausente,Café,Dura,Negativo,Negativo,Negativo,No se observan estructuras parasitarias,No se observan estructuras parasitarias
COP022,18/01/2026,17:07:00,Copacabana,Parque principal de Copacabana ,19/01/2026,14:05:00,Ausente,Ausente,Ausente,Café,Dura,Negativo,Negativo,Negativo,No se observan estructuras parasitarias,No se observan estructuras parasitarias
COP023,18/01/2026,17:13:00,Copacabana,Parque principal de Copacabana ,19/01/2026,17:29:00,Ausente,Ausente,Ausente,Café,Dura,Negativo,Negativo,Negativo,No se observan estructuras parasitarias,No se observan estructuras parasitarias
COP024,18/01/2026,17:26:00,Copacabana,Parque principal de Copacabana ,19/01/2026,17:29:00,Ausente,Ausente,Ausente,Café,Dura,Negativo,Negativo,Negativo,No se observan estructuras parasitarias,No se observan estructuras parasitarias
COP025,18/01/2026,17:38:00,Copacabana,Parque principal de Copacabana ,19/01/2026,17:29:00,Ausente,Presente,Ausente,Café,Diarreica,Positivo ,Positivo ,Negativo,Quistes,Giardia intestinalis
COP026,18/01/2026,17:51:00,Copacabana,Parque principal de Copacabana ,19/01/2026,17:29:00,Ausente,Ausente,Ausente,Café,Dura,Negativo,Negativo,Negativo,No se observan estructuras parasitarias,No se observan estructuras parasitarias
COP027,18/01/2026,18:15:00,Copacabana,Parque principal de Copacabana ,19/01/2026,17:29:00,Ausente,Ausente,Ausente,Café,Dura,Negativo,Negativo,Negativo,No se observan estructuras parasitarias,No se observan estructuras parasitarias
COP028,18/01/2026,18:15:00,Copacabana,Parque principal de Copacabana ,19/01/2026,17:29:00,Ausente,Ausente,Ausente,Café,Dura,Negativo,Negativo,Negativo,No se observan estructuras parasitarias,No se observan estructuras parasitarias
COP029,18/01/2026,18:39:00,Copacabana,Parque principal de Copacabana ,19/01/2026,17:29:00,Ausente,Ausente,Ausente,Café,Dura,Negativo,Negativo,Negativo,No se observan estructuras parasitarias,No se observan estructuras parasitarias
COP030,18/01/2026,19:02:00,Copacabana,Parque principal de Copacabana ,19/01/2026,17:29:00,Ausente,Presente,Ausente,Café,Pastosa,Negativo,Negativo,Positivo ,Huevos,Ancylostoma caninum
COP031,18/01/2026,19:14:00,Copacabana,Parque principal de Copacabana ,19/01/2026,17:29:00,Ausente,Ausente,Ausente,Café,Dura,Negativo,Negativo,Negativo,No se observan estructuras parasitarias,No se observan estructuras parasitarias
COP032,18/01/2026,19:23:00,Copacabana,Parque principal de Copacabana ,19/01/2026,17:29:00,Ausente,Ausente,Ausente,Café,Dura,Negativo,Negativo,Negativo,No se observan estructuras parasitarias,No se observan estructuras parasitarias
BEL001,31/01/2026,8:21:00,Bello,Parque de los Perros ( Los Búcaros),1/02/2026,10:16:00,Ausente,Ausente,Ausente,Café,Dura,Negativo,Negativo,Negativo,No se observan estructuras parasitarias,No se observan estructuras parasitarias
BEL002,31/01/2026,8:21:00,Bello,Parque de los Perros ( Los Búcaros),1/02/2026,10:16:00,Ausente,Ausente,Ausente,Café,Dura,Negativo,Negativo,Negativo,No se observan estructuras parasitarias,No se observan estructuras parasitarias
BEL003,31/01/2026,8:21:00,Bello,Parque de los Perros ( Los Búcaros),1/02/2026,10:16:00,Ausente,Ausente,Ausente,Café,Dura,Negativo,Negativo,Negativo,No se observan estructuras parasitarias,No se observan estructuras parasitarias
BEL004,31/01/2026,8:21:00,Bello,Parque de los Perros ( Los Búcaros),1/02/2026,10:16:00,Ausente,Presente,Presente,Café,Dura,Negativo,Negativo,Positivo ,Huevos,Ancylostoma caninum
BEL005,31/01/2026,8:36:00,Bello,Parque de los Perros ( Los Búcaros),1/02/2026,10:16:00,Ausente,Ausente,Ausente,Café,Dura,Negativo,Negativo,Negativo,No se observan estructuras parasitarias,No se observan estructuras parasitarias
BEL006,31/01/2026,8:36:00,Bello,Parque de los Perros ( Los Búcaros),1/02/2026,10:16:00,Ausente,Ausente,Ausente,Café,Dura,Negativo,Negativo,Negativo,No se observan estructuras parasitarias,No se observan estructuras parasitarias
BEL007,31/01/2026,8:57:00,Bello,Parque de los Perros ( Los Búcaros),1/02/2026,10:16:00,Ausente,Ausente,Ausente,Café,Dura,Negativo,Negativo,Negativo,No se observan estructuras parasitarias,No se observan estructuras parasitarias
BEL008,31/01/2026,9:14:00,Bello,Parque de los Perros ( Los Búcaros),1/02/2026,10:16:00,Ausente,Ausente,Presente,Café,Pastosa,Positivo ,Negativo,Positivo ,Huevos,"Ancylostoma caninum, Toxocara Canis"
BEL009,31/01/2026,9:19:00,Bello,Parque de los Perros ( Los Búcaros),1/02/2026,10:16:00,Ausente,Ausente,Ausente,Café,Dura,Negativo,Negativo,Negativo,No se observan estructuras parasitarias,No se observan estructuras parasitarias
BEL010,31/01/2026,10:01:00,Bello,Parque de los Perros ( Los Búcaros),1/02/2026,10:16:00,Ausente,Ausente,Ausente,Café,Dura,Negativo,Negativo,Negativo,No se observan estructuras parasitarias,No se observan estructuras parasitarias
BEL011,31/01/2026,10:01:00,Bello,Parque de los Perros ( Los Búcaros),1/02/2026,13:57:00,Ausente,Ausente,Ausente,Café,Dura,Negativo,Negativo,Negativo,No se observan estructuras parasitarias,No se observan estructuras parasitarias
BEL012,31/01/2026,10:01:00,Bello,Parque de los Perros ( Los Búcaros),1/02/2026,13:57:00,Ausente,Ausente,Presente,Café,Dura,Negativo,Negativo,Positivo ,Huevos,Toxocara Canis
BEL013,31/01/2026,10:01:00,Bello,Parque de los Perros ( Los Búcaros),1/02/2026,13:57:00,Ausente,Ausente,Ausente,Café,Dura,Negativo,Negativo,Negativo,No se observan estructuras parasitarias,No se observan estructuras parasitarias
BEL014,31/01/2026,10:28:00,Bello,Parque de los Perros ( Los Búcaros),1/02/2026,13:57:00,Ausente,Ausente,Ausente,Café,Dura,Negativo,Negativo,Negativo,No se observan estructuras parasitarias,No se observan estructuras parasitarias
BEL015,31/01/2026,11:45:00,Bello,Parque de los Perros ( Los Búcaros),1/02/2026,13:57:00,Ausente,Ausente,Ausente,Café,Dura,Negativo,Negativo,Negativo,No se observan estructuras parasitarias,No se observan estructuras parasitarias
BEL016,31/01/2026,13:14:00,Bello,Parque de los Perros ( Los Búcaros),1/02/2026,13:57:00,Ausente,Ausente,Ausente,Café,Dura,Negativo,Negativo,Negativo,No se observan estructuras parasitarias,No se observan estructuras parasitarias
BEL017,31/01/2026,13:14:00,Bello,Parque de los Perros ( Los Búcaros),1/02/2026,13:57:00,Ausente,Ausente,Ausente,Café,Dura,Negativo,Negativo,Negativo,No se observan estructuras parasitarias,No se observan estructuras parasitarias
BEL018,31/01/2026,13:14:00,Bello,Parque de los Perros ( Los Búcaros),1/02/2026,13:57:00,Ausente,Ausente,Ausente,Café,Dura,Negativo,Negativo,Negativo,No se observan estructuras parasitarias,No se observan estructuras parasitarias
BEL019,31/01/2026,13:37:00,Bello,Parque de los Perros ( Los Búcaros),1/02/2026,13:57:00,Ausente,Ausente,Ausente,Café,Dura,Negativo,Negativo,Negativo,No se observan estructuras parasitarias,No se observan estructuras parasitarias
BEL020,31/01/2026,13:37:00,Bello,Parque de los Perros ( Los Búcaros),1/02/2026,13:57:00,Ausente,Ausente,Ausente,Café,Dura,Negativo,Negativo,Negativo,No se observan estructuras parasitarias,No se observan estructuras parasitarias
BEL021,31/01/2026,14:05:00,Bello,Parque de los Perros ( Los Búcaros),1/02/2026,13:57:00,Ausente,Ausente,Ausente,Café,Dura,Negativo,Negativo,Positivo ,Huevos,Toxocara Canis
BEL022,31/01/2026,14:05:00,Bello,Parque de los Perros ( Los Búcaros),1/02/2026,17:04:00,Ausente,Ausente,Ausente,Café,Dura,Negativo,Negativo,Negativo,No se observan estructuras parasitarias,No se observan estructuras parasitarias
BEL023,31/01/2026,14:05:00,Bello,Parque de los Perros ( Los Búcaros),1/02/2026,17:04:00,Ausente,Ausente,Ausente,Café,Dura,Negativo,Negativo,Negativo,No se observan estructuras parasitarias,No se observan estructuras parasitarias
BEL024,31/01/2026,14:05:00,Bello,Parque de los Perros ( Los Búcaros),1/02/2026,17:04:00,Ausente,Ausente,Ausente,Café,Dura,Negativo,Negativo,Positivo ,Huevos,Toxocara Canis
BEL025,31/01/2026,14:34:00,Bello,Parque de los Perros ( Los Búcaros),1/02/2026,17:04:00,Ausente,Ausente,Ausente,Café,Dura,Negativo,Negativo,Negativo,No se observan estructuras parasitarias,No se observan estructuras parasitarias
BEL026,31/01/2026,14:39:00,Bello,Parque de los Perros ( Los Búcaros),1/02/2026,17:04:00,Ausente,Ausente,Ausente,Café,Dura,Negativo,Negativo,Negativo,No se observan estructuras parasitarias,No se observan estructuras parasitarias
BEL027,31/01/2026,15:14:00,Bello,Parque de los Perros ( Los Búcaros),1/02/2026,17:04:00,Ausente,Ausente,Ausente,Café,Dura,Negativo,Negativo,Negativo,No se observan estructuras parasitarias,No se observan estructuras parasitarias
BEL028,31/01/2026,15:14:00,Bello,Parque de los Perros ( Los Búcaros),1/02/2026,17:04:00,Ausente,Ausente,Ausente,Café,Dura,Negativo,Negativo,Negativo,No se observan estructuras parasitarias,No se observan estructuras parasitarias
BEL029,31/01/2026,15:46:00,Bello,Parque de los Perros ( Los Búcaros),1/02/2026,17:04:00,Ausente,Ausente,Ausente,Café,Dura,Negativo,Negativo,Negativo,No se observan estructuras parasitarias,No se observan estructuras parasitarias
BEL030,31/01/2026,16:25:00,Bello,Parque de los Perros ( Los Búcaros),1/02/2026,17:04:00,Ausente,Ausente,Ausente,Café,Dura,Negativo,Negativo,Negativo,No se observan estructuras parasitarias,No se observan estructuras parasitarias
BEL031,31/01/2026,16:39:00,Bello,Parque de los Perros ( Los Búcaros),1/02/2026,17:04:00,Ausente,Ausente,Ausente,Café,Dura,Negativo,Negativo,Negativo,No se observan estructuras parasitarias,No se observan estructuras parasitarias
BEL032,31/01/2026,15:20:00,Bello,Parque de los Perros ( Los Búcaros),1/02/2026,17:04:00,Ausente,Ausente,Presente,Café,Dura,Negativo,Negativo,Positivo ,Huevos,Toxocara Canis
LES001,16/05/2026,9:10:00,La estrella,Parque del Movimiento ,17/05/2026,9:01:00,Ausente,Ausente,Presente,Café,Dura,Positivo ,Positivo ,Negativo,Quistes,Giardia intestinalis
LES002,16/05/2026,9:10:00,La estrella,Parque del Movimiento ,17/05/2026,9:01:00,Ausente,Ausente,Ausente,Café,Dura,Negativo,Negativo,Negativo,No se observan estructuras parasitarias,No se observan estructuras parasitarias
LES003,16/05/2026,9:10:00,La estrella,Parque del Movimiento ,17/05/2026,9:01:00,Ausente,Ausente,Ausente,Café,Dura,Negativo,Negativo,Negativo,No se observan estructuras parasitarias,No se observan estructuras parasitarias
LES004,16/05/2026,9:17:00,La estrella,Parque del Movimiento ,17/05/2026,9:01:00,Ausente,Ausente,Presente,Café,Dura,Negativo,Negativo,Positivo ,Huevos,Toxocara Canis
LES005,16/05/2026,9:17:00,La estrella,Parque del Movimiento ,17/05/2026,9:01:00,Ausente,Ausente,Ausente,Café,Dura,Negativo,Negativo,Negativo,No se observan estructuras parasitarias,No se observan estructuras parasitarias
LES006,16/05/2026,9:36:00,La estrella,Parque del Movimiento ,17/05/2026,9:01:00,Ausente,Ausente,Ausente,Café,Dura,Negativo,Negativo,Negativo,No se observan estructuras parasitarias,No se observan estructuras parasitarias
LES007,16/05/2026,9:36:00,La estrella,Parque del Movimiento ,17/05/2026,9:01:00,Ausente,Ausente,Ausente,Café,Dura,Negativo,Negativo,Negativo,No se observan estructuras parasitarias,No se observan estructuras parasitarias
LES008,16/05/2026,10:04:00,La estrella,Parque del Movimiento ,17/05/2026,9:01:00,Ausente,Presente,Presente,Café,Pastosa,Negativo,Negativo,Positivo ,Huevos,Toxocara Canis
LES009,16/05/2026,10:04:00,La estrella,Parque del Movimiento ,17/05/2026,9:01:00,Ausente,Ausente,Ausente,Café,Dura,Negativo,Negativo,Negativo,No se observan estructuras parasitarias,No se observan estructuras parasitarias
LES010,16/05/2026,10:26:00,La estrella,Parque del Movimiento ,17/05/2026,9:01:00,Ausente,Ausente,Ausente,Café,Dura,Negativo,Negativo,Negativo,No se observan estructuras parasitarias,No se observan estructuras parasitarias
LES011,16/05/2026,10:31:00,La estrella,Parque del Movimiento ,17/05/2026,9:01:00,Ausente,Ausente,Ausente,Café,Dura,Negativo,Negativo,Negativo,No se observan estructuras parasitarias,No se observan estructuras parasitarias
LES012,16/05/2026,10:31:00,La estrella,Parque del Movimiento ,17/05/2026,13:20:00,Ausente,Ausente,Ausente,Café,Dura,Negativo,Negativo,Negativo,No se observan estructuras parasitarias,No se observan estructuras parasitarias
LES013,16/05/2026,10:36:00,La estrella,Parque del Movimiento ,17/05/2026,13:20:00,Ausente,Ausente,Ausente,Café,Dura,Negativo,Negativo,Negativo,No se observan estructuras parasitarias,No se observan estructuras parasitarias
LES014,16/05/2026,11:48:00,La estrella,Parque del Movimiento ,17/05/2026,13:20:00,Ausente,Ausente,Ausente,Café,Dura,Negativo,Negativo,Negativo,No se observan estructuras parasitarias,No se observan estructuras parasitarias
LES015,16/05/2026,11:54:00,La estrella,Parque del Movimiento ,17/05/2026,13:20:00,Ausente,Ausente,Presente,Café,Dura,Negativo,Negativo,Positivo ,Huevos,Ancylostoma caninum
LES016,16/05/2026,12:12:00,La estrella,Parque del Movimiento ,17/05/2026,13:20:00,Ausente,Ausente,Ausente,Café,Dura,Negativo,Negativo,Negativo,No se observan estructuras parasitarias,No se observan estructuras parasitarias
LES017,16/05/2026,12:15:00,La estrella,Parque del Movimiento ,17/05/2026,13:20:00,Ausente,Ausente,Ausente,Café,Dura,Negativo,Negativo,Negativo,No se observan estructuras parasitarias,No se observan estructuras parasitarias
LES018,16/05/2026,12:39:00,La estrella,Parque del Movimiento ,17/05/2026,13:20:00,Ausente,Ausente,Ausente,Café,Dura,Negativo,Negativo,Negativo,No se observan estructuras parasitarias,No se observan estructuras parasitarias
LES019,16/05/2026,14:00:00,La estrella,Parque del Movimiento ,17/05/2026,13:20:00,Ausente,Ausente,Ausente,Café,Dura,Negativo,Negativo,Negativo,No se observan estructuras parasitarias,No se observan estructuras parasitarias
LES020,16/05/2026,14:02:00,La estrella,Parque del Movimiento ,17/05/2026,13:20:00,Ausente,Presente,Ausente,Café,Dura,Negativo,Negativo,Positivo ,Huevos,Ancylostoma caninum
LES021,16/05/2026,14:14:00,La estrella,Parque del Movimiento ,17/05/2026,13:20:00,Ausente,Ausente,Ausente,Café,Dura,Negativo,Negativo,Negativo,No se observan estructuras parasitarias,No se observan estructuras parasitarias
LES022,16/05/2026,14:14:00,La estrella,Parque del Movimiento ,17/05/2026,13:20:00,Ausente,Ausente,Ausente,Café,Dura,Negativo,Negativo,Negativo,No se observan estructuras parasitarias,No se observan estructuras parasitarias
LES023,16/05/2026,14:49:00,La estrella,Parque del Movimiento ,17/05/2026,17:16:00,Ausente,Ausente,Ausente,Café,Dura,Negativo,Negativo,Negativo,No se observan estructuras parasitarias,No se observan estructuras parasitarias
LES024,16/05/2026,15:12:00,La estrella,Parque del Movimiento ,17/05/2026,17:16:00,Ausente,Ausente,Ausente,Café,Dura,Negativo,Negativo,Negativo,No se observan estructuras parasitarias,No se observan estructuras parasitarias
LES025,16/05/2026,15:18:00,La estrella,Parque del Movimiento ,17/05/2026,17:16:00,Ausente,Ausente,Ausente,Café,Dura,Negativo,Negativo,Positivo ,Huevos,Ancylostoma caninum
LES026,16/05/2026,15:30:00,La estrella,Parque del Movimiento ,17/05/2026,17:16:00,Ausente,Ausente,Ausente,Café,Dura,Negativo,Negativo,Negativo,No se observan estructuras parasitarias,No se observan estructuras parasitarias
LES027,16/05/2026,15:30:00,La estrella,Parque del Movimiento ,17/05/2026,17:16:00,Ausente,Ausente,Ausente,Café,Dura,Negativo,Negativo,Negativo,No se observan estructuras parasitarias,No se observan estructuras parasitarias
LES028,16/05/2026,16:22:00,La estrella,Parque del Movimiento ,17/05/2026,17:16:00,Ausente,Ausente,Ausente,Café,Dura,Positivo ,Negativo,Positivo ,Huevos,Toxocara Canis
LES029,16/05/2026,16:38:00,La estrella,Parque del Movimiento ,17/05/2026,17:16:00,Ausente,Ausente,Ausente,Café,Dura,Negativo,Negativo,Negativo,No se observan estructuras parasitarias,No se observan estructuras parasitarias
LES030,16/05/2026,17:02:00,La estrella,Parque del Movimiento ,17/05/2026,17:16:00,Ausente,Ausente,Ausente,Café,Dura,Negativo,Negativo,Negativo,No se observan estructuras parasitarias,No se observan estructuras parasitarias
LES031,16/05/2026,17:23:00,La estrella,Parque del Movimiento ,17/05/2026,17:16:00,Ausente,Ausente,Ausente,Café,Dura,Negativo,Negativo,Negativo,No se observan estructuras parasitarias,No se observan estructuras parasitarias
LES032,16/05/2026,17:30:00,La estrella,Parque del Movimiento ,17/05/2026,17:16:00,Ausente,Ausente,Ausente,Café,Dura,Negativo,Negativo,Positivo ,Huevos,Toxocara Canis
ITA001,9/05/2026,9:40:00,Itagui,Parque de las Mascotas Santa Catalina,10/05/2026,8:28:00,Ausente,Ausente,Ausente,Café,Dura,Negativo,Negativo,Negativo,No se observan estructuras parasitarias,No se observan estructuras parasitarias
ITA002,9/05/2026,9:40:00,Itagui,Parque de las Mascotas Santa Catalina,10/05/2026,8:28:00,Ausente,Ausente,Ausente,Café,Dura,Negativo,Negativo,Negativo,No se observan estructuras parasitarias,No se observan estructuras parasitarias
ITA003,9/05/2026,9:40:00,Itagui,Parque de las Mascotas Santa Catalina,10/05/2026,8:28:00,Ausente,Ausente,Ausente,Café,Dura,Negativo,Negativo,Negativo,No se observan estructuras parasitarias,No se observan estructuras parasitarias
ITA004,9/05/2026,9:40:00,Itagui,Parque de las Mascotas Santa Catalina,10/05/2026,8:28:00,Ausente,Ausente,Ausente,Café,Dura,Negativo,Negativo,Positivo ,Huevos,Ancylostoma caninum
ITA005,9/05/2026,9:57:00,Itagui,Parque de las Mascotas Santa Catalina,10/05/2026,8:28:00,Ausente,Ausente,Ausente,Café,Dura,Negativo,Negativo,Positivo ,Huevos,Toxocara Canis
ITA006,9/05/2026,9:57:00,Itagui,Parque de las Mascotas Santa Catalina,10/05/2026,8:28:00,Ausente,Ausente,Ausente,Café,Dura,Negativo,Negativo,Negativo,No se observan estructuras parasitarias,No se observan estructuras parasitarias
ITA007,9/05/2026,9:57:00,Itagui,Parque de las Mascotas Santa Catalina,10/05/2026,8:28:00,Ausente,Ausente,Ausente,Café,Dura,Negativo,Negativo,Negativo,No se observan estructuras parasitarias,No se observan estructuras parasitarias
ITA008,9/05/2026,10:09:00,Itagui,Parque de las Mascotas Santa Catalina,10/05/2026,8:28:00,Ausente,Ausente,Ausente,Café,Dura,Negativo,Negativo,Negativo,No se observan estructuras parasitarias,No se observan estructuras parasitarias
ITA009,9/05/2026,10:14:00,Itagui,Parque de las Mascotas Santa Catalina,10/05/2026,8:28:00,Ausente,Presente,Ausente,Café,Dura,Positivo ,Negativo,Positivo ,Huevos,Toxocara Canis
ITA010,9/05/2026,10:20:00,Itagui,Parque de las Mascotas Santa Catalina,10/05/2026,8:28:00,Ausente,Ausente,Ausente,Café,Dura,Negativo,Negativo,Negativo,No se observan estructuras parasitarias,No se observan estructuras parasitarias
ITA011,9/05/2026,10:20:00,Itagui,Parque de las Mascotas Santa Catalina,10/05/2026,8:28:00,Ausente,Ausente,Ausente,Café,Dura,Negativo,Negativo,Negativo,No se observan estructuras parasitarias,No se observan estructuras parasitarias
ITA012,9/05/2026,10:39:00,Itagui,Parque de las Mascotas Santa Catalina,10/05/2026,13:05:00,Ausente,Ausente,Ausente,Café,Dura,Negativo,Negativo,Negativo,No se observan estructuras parasitarias,No se observan estructuras parasitarias
ITA013,9/05/2026,11:02:00,Itagui,Parque de las Mascotas Santa Catalina,10/05/2026,13:05:00,Ausente,Ausente,Ausente,Café,Dura,Negativo,Negativo,Negativo,No se observan estructuras parasitarias,No se observan estructuras parasitarias
ITA014,9/05/2026,11:02:00,Itagui,Parque de las Mascotas Santa Catalina,10/05/2026,13:05:00,Ausente,Ausente,Ausente,Café,Dura,Negativo,Negativo,Negativo,No se observan estructuras parasitarias,No se observan estructuras parasitarias
ITA015,9/05/2026,11:13:00,Itagui,Parque de las Mascotas Santa Catalina,10/05/2026,13:05:00,Ausente,Ausente,Ausente,Café,Dura,Positivo ,Negativo,Positivo ,Huevos,Ancylostoma caninum
ITA016,9/05/2026,11:19:00,Itagui,Parque de las Mascotas Santa Catalina,10/05/2026,13:05:00,Ausente,Ausente,Ausente,Café,Dura,Negativo,Negativo,Negativo,No se observan estructuras parasitarias,No se observan estructuras parasitarias
ITA017,9/05/2026,11:19:00,Itagui,Parque de las Mascotas Santa Catalina,10/05/2026,13:05:00,Ausente,Ausente,Ausente,Café,Dura,Negativo,Negativo,Negativo,No se observan estructuras parasitarias,No se observan estructuras parasitarias
ITA018,9/05/2026,11:19:00,Itagui,Parque de las Mascotas Santa Catalina,10/05/2026,13:05:00,Ausente,Ausente,Ausente,Café,Dura,Negativo,Negativo,Negativo,No se observan estructuras parasitarias,No se observan estructuras parasitarias
ITA019,9/05/2026,11:25:00,Itagui,Parque de las Mascotas Santa Catalina,10/05/2026,13:05:00,Ausente,Ausente,Presente,Café,Dura,Negativo,Negativo,Negativo,No se observan estructuras parasitarias,No se observan estructuras parasitarias
ITA020,9/05/2026,11:31:00,Itagui,Parque de las Mascotas Santa Catalina,10/05/2026,13:05:00,Ausente,Ausente,Ausente,Café,Dura,Negativo,Negativo,Negativo,No se observan estructuras parasitarias,No se observan estructuras parasitarias
ITA021,9/05/2026,11:37:00,Itagui,Parque de las Mascotas Santa Catalina,10/05/2026,13:05:00,Ausente,Ausente,Ausente,Café,Dura,Negativo,Negativo,Negativo,No se observan estructuras parasitarias,No se observan estructuras parasitarias
ITA022,9/05/2026,11:42:00,Itagui,Parque de las Mascotas Santa Catalina,10/05/2026,13:05:00,Ausente,Ausente,Ausente,Café,Dura,Positivo ,Negativo,Positivo ,Huevos,Toxocara Canis
ITA023,9/05/2026,13:28:00,Itagui,Parque de las Mascotas Santa Catalina,10/05/2026,16:40:00,Ausente,Ausente,Ausente,Café,Dura,Negativo,Negativo,Negativo,No se observan estructuras parasitarias,No se observan estructuras parasitarias
ITA024,9/05/2026,13:35:00,Itagui,Parque de las Mascotas Santa Catalina,10/05/2026,16:40:00,Ausente,Ausente,Ausente,Café,Dura,Negativo,Negativo,Negativo,No se observan estructuras parasitarias,No se observan estructuras parasitarias
ITA025,9/05/2026,13:35:00,Itagui,Parque de las Mascotas Santa Catalina,10/05/2026,16:40:00,Ausente,Ausente,Ausente,Café,Dura,Negativo,Negativo,Negativo,No se observan estructuras parasitarias,No se observan estructuras parasitarias
ITA026,9/05/2026,14:03:00,Itagui,Parque de las Mascotas Santa Catalina,10/05/2026,16:40:00,Ausente,Ausente,Ausente,Café,Dura,Negativo,Negativo,Negativo,No se observan estructuras parasitarias,No se observan estructuras parasitarias
ITA027,9/05/2026,14:08:00,Itagui,Parque de las Mascotas Santa Catalina,10/05/2026,16:40:00,Ausente,Ausente,Ausente,Café,Dura,Negativo,Negativo,Negativo,No se observan estructuras parasitarias,No se observan estructuras parasitarias
ITA028,9/05/2026,14:59:00,Itagui,Parque de las Mascotas Santa Catalina,10/05/2026,16:40:00,Ausente,Ausente,Ausente,Café,Dura,Negativo,Negativo,Negativo,No se observan estructuras parasitarias,No se observan estructuras parasitarias
ITA029,9/05/2026,15:22:00,Itagui,Parque de las Mascotas Santa Catalina,10/05/2026,16:40:00,Ausente,Ausente,Ausente,Café,Dura,Negativo,Negativo,Negativo,No se observan estructuras parasitarias,No se observan estructuras parasitarias
ITA030,9/05/2026,15:26:00,Itagui,Parque de las Mascotas Santa Catalina,10/05/2026,16:40:00,Ausente,Ausente,Presente,Café,Dura,Negativo,Negativo,Negativo,No se observan estructuras parasitarias,No se observan estructuras parasitarias
ITA031,9/05/2026,15:39:00,Itagui,Parque de las Mascotas Santa Catalina,10/05/2026,16:40:00,Ausente,Ausente,Ausente,Café,Dura,Negativo,Negativo,Negativo,No se observan estructuras parasitarias,No se observan estructuras parasitarias
ITA032,9/05/2026,15:44:00,Itagui,Parque de las Mascotas Santa Catalina,10/05/2026,16:40:00,Ausente,Ausente,Ausente,Café,Dura,Negativo,Negativo,Negativo,No se observan estructuras parasitarias,No se observan estructuras parasitarias
SAB001,1/05/2026,7:20:00,Sabaneta,Parque Lineal los Colores Prados,2/05/2026,9:19:00,Ausente,Ausente,Ausente,Café,Dura,Negativo,Negativo,Negativo,No se observan estructuras parasitarias,No se observan estructuras parasitarias
SAB002,1/05/2026,7:25:00,Sabaneta,Parque Lineal los Colores Prados,2/05/2026,9:19:00,Ausente,Ausente,Ausente,Café,Dura,Negativo,Negativo,Negativo,No se observan estructuras parasitarias,No se observan estructuras parasitarias
SAB003,1/05/2026,7:31:00,Sabaneta,Parque Lineal los Colores Prados,2/05/2026,9:19:00,Ausente,Ausente,Ausente,Café,Dura,Positivo ,Positivo ,Positivo ,Huevos,Ancylostoma caninum
SAB004,1/05/2026,8:11:00,Sabaneta,Parque Lineal los Colores Prados,2/05/2026,9:19:00,Ausente,Ausente,Ausente,Café,Dura,Negativo,Negativo,Negativo,No se observan estructuras parasitarias,No se observan estructuras parasitarias
SAB005,1/05/2026,8:13:00,Sabaneta,Parque Lineal los Colores Prados,2/05/2026,9:19:00,Ausente,Ausente,Ausente,Café,Dura,Negativo,Negativo,Negativo,No se observan estructuras parasitarias,No se observan estructuras parasitarias
SAB006,1/05/2026,8:28:00,Sabaneta,Parque Lineal los Colores Prados,2/05/2026,9:19:00,Ausente,Ausente,Ausente,Café,Dura,Negativo,Negativo,Negativo,No se observan estructuras parasitarias,No se observan estructuras parasitarias
SAB007,1/05/2026,8:34:00,Sabaneta,Parque Lineal los Colores Prados,2/05/2026,9:19:00,Ausente,Ausente,Ausente,Café,Dura,Negativo,Negativo,Negativo,No se observan estructuras parasitarias,No se observan estructuras parasitarias
SAB008,1/05/2026,9:02:00,Sabaneta,Parque Lineal los Colores Prados,2/05/2026,9:19:00,Ausente,Ausente,Ausente,Café,Dura,Negativo,Negativo,Negativo,No se observan estructuras parasitarias,No se observan estructuras parasitarias
SAB009,1/05/2026,9:10:00,Sabaneta,Parque Lineal los Colores Prados,2/05/2026,9:19:00,Ausente,Ausente,Ausente,Café,Dura,Negativo,Negativo,Negativo,No se observan estructuras parasitarias,No se observan estructuras parasitarias
SAB010,1/05/2026,9:37:00,Sabaneta,Parque Lineal los Colores Prados,2/05/2026,9:19:00,Ausente,Ausente,Presente,Café,Dura,Negativo,Negativo,Positivo ,Huevos,Ancylostoma caninum
SAB011,1/05/2026,10:00:00,Sabaneta,Parque Lineal los Colores Prados,2/05/2026,9:19:00,Ausente,Ausente,Ausente,Café,Dura,Negativo,Negativo,Negativo,No se observan estructuras parasitarias,No se observan estructuras parasitarias
SAB012,1/05/2026,10:04:00,Sabaneta,Parque Lineal los Colores Prados,2/05/2026,9:19:00,Ausente,Ausente,Ausente,Café,Dura,Negativo,Negativo,Negativo,No se observan estructuras parasitarias,No se observan estructuras parasitarias
SAB013,1/05/2026,10:31:00,Sabaneta,Parque de los Cuatro Elementos,2/05/2026,12:51:00,Ausente,Ausente,Ausente,Café,Dura,Negativo,Negativo,Negativo,No se observan estructuras parasitarias,No se observan estructuras parasitarias
SAB014,1/05/2026,10:36:00,Sabaneta,Parque de los Cuatro Elementos,2/05/2026,12:51:00,Ausente,Ausente,Ausente,Café,Dura,Negativo,Negativo,Negativo,No se observan estructuras parasitarias,No se observan estructuras parasitarias
SAB015,1/05/2026,10:48:00,Sabaneta,Parque de los Cuatro Elementos,2/05/2026,12:51:00,Ausente,Ausente,Ausente,Café,Dura,Negativo,Negativo,Negativo,No se observan estructuras parasitarias,No se observan estructuras parasitarias
SAB016,1/05/2026,10:48:00,Sabaneta,Parque de los Cuatro Elementos,2/05/2026,12:51:00,Ausente,Ausente,Ausente,Café,Dura,Negativo,Negativo,Negativo,No se observan estructuras parasitarias,No se observan estructuras parasitarias
SAB017,1/05/2026,11:02:00,Sabaneta,Parque de los Cuatro Elementos,2/05/2026,12:51:00,Ausente,Ausente,Ausente,Café,Dura,Negativo,Negativo,Negativo,No se observan estructuras parasitarias,No se observan estructuras parasitarias
SAB018,1/05/2026,11:25:00,Sabaneta,Parque de los Cuatro Elementos,2/05/2026,12:51:00,Ausente,Presente,Presente,Amarillo ,Pastosa,Positivo ,Negativo,Negativo,Quistes,Giardia intestinalis
SAB019,1/05/2026,11:33:00,Sabaneta,Parque de los Cuatro Elementos,2/05/2026,12:51:00,Ausente,Ausente,Ausente,Café,Dura,Negativo,Negativo,Negativo,No se observan estructuras parasitarias,No se observan estructuras parasitarias
SAB020,1/05/2026,12:12:00,Sabaneta,Parque de los Cuatro Elementos,2/05/2026,12:51:00,Ausente,Ausente,Ausente,Café,Dura,Negativo,Negativo,Negativo,No se observan estructuras parasitarias,No se observan estructuras parasitarias
SAB021,1/05/2026,1:26:00,Sabaneta,Parque al Aire Libre Azul ,2/05/2026,12:51:00,Ausente,Ausente,Ausente,Café,Dura,Negativo,Negativo,Negativo,No se observan estructuras parasitarias,No se observan estructuras parasitarias
SAB022,1/05/2026,1:30:00,Sabaneta,Parque al Aire Libre Azul ,2/05/2026,12:51:00,Ausente,Ausente,Ausente,Café,Dura,Negativo,Negativo,Negativo,No se observan estructuras parasitarias,No se observan estructuras parasitarias
SAB023,1/05/2026,1:34:00,Sabaneta,Parque al Aire Libre Azul ,2/05/2026,12:51:00,Ausente,Ausente,Ausente,Café,Dura,Negativo,Negativo,Negativo,No se observan estructuras parasitarias,No se observan estructuras parasitarias
SAB024,1/05/2026,1:49:00,Sabaneta,Parque al Aire Libre Azul ,2/05/2026,16:07:00,Ausente,Ausente,Ausente,Café,Dura,Negativo,Negativo,Negativo,No se observan estructuras parasitarias,No se observan estructuras parasitarias
SAB025,1/05/2026,2:14:00,Sabaneta,Parque al Aire Libre Azul ,2/05/2026,16:07:00,Ausente,Presente,Ausente,Café,Pastosa,Negativo,Negativo,Positivo ,Huevos,Ancylostoma caninum
SAB026,1/05/2026,2:22:00,Sabaneta,Parque al Aire Libre Azul ,2/05/2026,16:07:00,Ausente,Ausente,Ausente,Café,Dura,Negativo,Negativo,Negativo,No se observan estructuras parasitarias,No se observan estructuras parasitarias
SAB027,1/05/2026,2:28:00,Sabaneta,Parque al Aire Libre Azul ,2/05/2026,16:07:00,Ausente,Ausente,Ausente,Café,Dura,Negativo,Negativo,Negativo,No se observan estructuras parasitarias,No se observan estructuras parasitarias
SAB028,1/05/2026,2:45:00,Sabaneta,Parque al Aire Libre Azul ,2/05/2026,16:07:00,Ausente,Ausente,Ausente,Café,Dura,Negativo,Negativo,Negativo,No se observan estructuras parasitarias,No se observan estructuras parasitarias
SAB029,1/05/2026,3:03:00,Sabaneta,Parque al Aire Libre Azul ,2/05/2026,16:07:00,Ausente,Ausente,Ausente,Café,Dura,Negativo,Negativo,Negativo,No se observan estructuras parasitarias,No se observan estructuras parasitarias
SAB030,1/05/2026,3:17:00,Sabaneta,Parque al Aire Libre Azul ,2/05/2026,16:07:00,Ausente,Ausente,Ausente,Café,Dura,Negativo,Negativo,Negativo,No se observan estructuras parasitarias,No se observan estructuras parasitarias
SAB031,1/05/2026,3:21:00,Sabaneta,Parque al Aire Libre Azul ,2/05/2026,16:07:00,Ausente,Ausente,Ausente,Café,Dura,Positivo ,Negativo,Positivo ,Huevos,Toxocara Canis
SAB032,1/05/2026,3:38:00,Sabaneta,Parque al Aire Libre Azul ,2/05/2026,16:07:00,Ausente,Ausente,Ausente,Café,Dura,Negativo,Negativo,Negativo,No se observan estructuras parasitarias,No se observan estructuras parasitarias
CAL001,7/02/2026,9:31:00,Caldas,Parque Principal de Caldas,8/02/2026,9:25:00,Ausente,Ausente,Ausente,Café,Dura,Negativo,Negativo,Negativo,No se observan estructuras parasitarias,No se observan estructuras parasitarias
CAL002,7/02/2026,9:40:00,Caldas,Parque Principal de Caldas,8/02/2026,9:25:00,Ausente,Ausente,Presente,Café,Dura,Negativo,Negativo,Negativo,No se observan estructuras parasitarias,No se observan estructuras parasitarias
CAL003,7/02/2026,9:57:00,Caldas,Parque Principal de Caldas,8/02/2026,9:25:00,Ausente,Ausente,Ausente,Café,Dura,Negativo,Negativo,Negativo,No se observan estructuras parasitarias,No se observan estructuras parasitarias
CAL004,7/02/2026,10:01:00,Caldas,Parque Principal de Caldas,8/02/2026,9:25:00,Ausente,Ausente,Ausente,Café,Dura,Negativo,Negativo,Negativo,No se observan estructuras parasitarias,No se observan estructuras parasitarias
CAL005,7/02/2026,10:10:00,Caldas,Parque Principal de Caldas,8/02/2026,9:25:00,Ausente,Presente,Presente,Café,Pastosa,Positivo ,Negativo,Negativo,Quistes,Giardia intestinalis
CAL006,7/02/2026,10:22:00,Caldas,Parque Principal de Caldas,8/02/2026,9:25:00,Ausente,Ausente,Ausente,Café,Dura,Negativo,Negativo,Negativo,No se observan estructuras parasitarias,No se observan estructuras parasitarias
CAL007,7/02/2026,10:43:00,Caldas,Parque Principal de Caldas,8/02/2026,9:25:00,Ausente,Ausente,Ausente,Café,Dura,Negativo,Negativo,Negativo,No se observan estructuras parasitarias,No se observan estructuras parasitarias
CAL008,7/02/2026,10:43:00,Caldas,Parque Principal de Caldas,8/02/2026,9:25:00,Ausente,Ausente,Ausente,Café,Dura,Negativo,Negativo,Positivo ,Huevos,Ancylostoma caninum
CAL009,7/02/2026,10:59:00,Caldas,Parque Principal de Caldas,8/02/2026,9:25:00,Ausente,Ausente,Ausente,Café,Dura,Negativo,Negativo,Negativo,No se observan estructuras parasitarias,No se observan estructuras parasitarias
CAL010,7/02/2026,11:01:00,Caldas,Parque Principal de Caldas,8/02/2026,9:25:00,Ausente,Ausente,Ausente,Café,Dura,Negativo,Negativo,Negativo,No se observan estructuras parasitarias,No se observan estructuras parasitarias
CAL011,7/02/2026,11:11:00,Caldas,Parque Principal de Caldas,8/02/2026,9:25:00,Ausente,Ausente,Presente,Café,Dura,Negativo,Negativo,Negativo,No se observan estructuras parasitarias,No se observan estructuras parasitarias
CAL012,7/02/2026,11:28:00,Caldas,Parque Principal de Caldas,8/02/2026,9:25:00,Ausente,Ausente,Ausente,Café,Dura,Negativo,Negativo,Negativo,No se observan estructuras parasitarias,No se observan estructuras parasitarias
CAL013,7/02/2026,11:37:00,Caldas,Parque Principal de Caldas,8/02/2026,9:25:00,Ausente,Ausente,Ausente,Café,Dura,Negativo,Negativo,Negativo,No se observan estructuras parasitarias,No se observan estructuras parasitarias
CAL014,7/02/2026,12:54:00,Caldas,Parque el Carrusel ,8/02/2026,9:25:00,Ausente,Ausente,Ausente,Café,Dura,Positivo ,Negativo,Positivo ,Huevos,Toxocara Canis
CAL015,7/02/2026,13:01:00,Caldas,Parque el Carrusel ,8/02/2026,9:25:00,Ausente,Ausente,Ausente,Café,Dura,Negativo,Negativo,Negativo,No se observan estructuras parasitarias,No se observan estructuras parasitarias
CAL016,7/02/2026,13:07:00,Caldas,Parque el Carrusel ,8/02/2026,9:25:00,Ausente,Ausente,Presente,Café,Dura,Negativo,Negativo,Negativo,No se observan estructuras parasitarias,No se observan estructuras parasitarias
CAL017,7/02/2026,13:13:00,Caldas,Parque el Carrusel ,8/02/2026,14:13:00,Ausente,Ausente,Ausente,Café,Dura,Negativo,Negativo,Negativo,No se observan estructuras parasitarias,No se observan estructuras parasitarias
CAL018,7/02/2026,13:28:00,Caldas,Parque el Carrusel ,8/02/2026,14:13:00,Ausente,Ausente,Ausente,Café,Dura,Negativo,Negativo,Positivo ,Huevos,Trichuris vulpis
CAL019,7/02/2026,13:30:00,Caldas,Parque el Carrusel ,8/02/2026,14:13:00,Ausente,Ausente,Ausente,Café,Dura,Negativo,Negativo,Negativo,No se observan estructuras parasitarias,No se observan estructuras parasitarias
CAL020,7/02/2026,13:48:00,Caldas,Parque el Carrusel ,8/02/2026,14:13:00,Ausente,Ausente,Ausente,Café,Dura,Negativo,Negativo,Negativo,No se observan estructuras parasitarias,No se observan estructuras parasitarias
CAL021,7/02/2026,14:02:00,Caldas,Parque el Carrusel ,8/02/2026,14:13:00,Ausente,Ausente,Ausente,Café,Dura,Negativo,Negativo,Negativo,No se observan estructuras parasitarias,No se observan estructuras parasitarias
CAL022,7/02/2026,14:15:00,Caldas,Parque el Carrusel ,8/02/2026,14:13:00,Ausente,Presente,Presente,Café,Dura,Positivo ,Negativo,Positivo ,Huevos,"Ancylostoma caninum, Toxocara Canis"
CAL023,7/02/2026,14:19:00,Caldas,Parque el Carrusel ,8/02/2026,14:13:00,Ausente,Ausente,Ausente,Café,Dura,Negativo,Negativo,Negativo,No se observan estructuras parasitarias,No se observan estructuras parasitarias
CAL024,7/02/2026,14:36:00,Caldas,Parque el Carrusel ,8/02/2026,14:13:00,Ausente,Ausente,Ausente,Café,Dura,Negativo,Negativo,Negativo,No se observan estructuras parasitarias,No se observan estructuras parasitarias
CAL025,7/02/2026,14:55:00,Caldas,Parque el Carrusel ,8/02/2026,14:13:00,Ausente,Ausente,Ausente,Café,Dura,Negativo,Negativo,Negativo,No se observan estructuras parasitarias,No se observan estructuras parasitarias
CAL026,7/02/2026,14:59:00,Caldas,Parque el Carrusel ,8/02/2026,14:13:00,Ausente,Ausente,Ausente,Café,Dura,Negativo,Negativo,Negativo,No se observan estructuras parasitarias,No se observan estructuras parasitarias
CAL027,7/02/2026,15:15:00,Caldas,Parque el Carrusel ,8/02/2026,14:13:00,Ausente,Presente,Ausente,Café,Pastosa,Negativo,Negativo,Positivo ,Huevos,Toxocara Canis
CAL028,7/02/2026,15:28:00,Caldas,Parque el Carrusel ,8/02/2026,14:13:00,Ausente,Ausente,Ausente,Café,Dura,Negativo,Negativo,Negativo,No se observan estructuras parasitarias,No se observan estructuras parasitarias
CAL029,7/02/2026,15:36:00,Caldas,Parque el Carrusel ,8/02/2026,14:13:00,Ausente,Ausente,Ausente,Café,Dura,Negativo,Negativo,Negativo,No se observan estructuras parasitarias,No se observan estructuras parasitarias
CAL030,7/02/2026,16:02:00,Caldas,Parque el Carrusel ,8/02/2026,14:13:00,Ausente,Ausente,Ausente,Café,Dura,Negativo,Negativo,Negativo,No se observan estructuras parasitarias,No se observan estructuras parasitarias
CAL031,7/02/2026,16:07:00,Caldas,Parque el Carrusel ,8/02/2026,14:13:00,Ausente,Ausente,Ausente,Café,Dura,Negativo,Negativo,Negativo,No se observan estructuras parasitarias,No se observan estructuras parasitarias
CAL032,7/02/2026,16:28:00,Caldas,Parque el Carrusel ,8/02/2026,14:13:00,Ausente,Ausente,Ausente,Café,Dura,Negativo,Negativo,Negativo,No se observan estructuras parasitarias,No se observan estructuras parasitarias
MED001,1/03/2026,8:00:00,Medelín,Parque Lineal Ciudad del Rio ,2/03/2026,7:31:00,Ausente,Ausente,Ausente,Café,Dura,Negativo,Negativo,Negativo,No se observan estructuras parasitarias,No se observan estructuras parasitarias
MED002,1/03/2026,8:04:00,Medelín,Parque Lineal Ciudad del Rio ,2/03/2026,7:31:00,Ausente,Ausente,Ausente,Café,Dura,Negativo,Negativo,Negativo,No se observan estructuras parasitarias,No se observan estructuras parasitarias
MED003,1/03/2026,8:17:00,Medelín,Parque Lineal Ciudad del Rio ,2/03/2026,7:31:00,Ausente,Ausente,Ausente,Café,Dura,Negativo,Negativo,Negativo,No se observan estructuras parasitarias,No se observan estructuras parasitarias
MED004,1/03/2026,8:42:00,Medelín,Parque Lineal Ciudad del Rio ,2/03/2026,7:31:00,Ausente,Ausente,Ausente,Café,Dura,Positivo ,Negativo,Negativo,Quistes,Giardia intestinalis
MED005,1/03/2026,8:54:00,Medelín,Parque Lineal Ciudad del Rio ,2/03/2026,7:31:00,Ausente,Ausente,Ausente,Café,Dura,Negativo,Negativo,Negativo,No se observan estructuras parasitarias,No se observan estructuras parasitarias
MED006,1/03/2026,8:54:00,Medelín,Parque Lineal Ciudad del Rio ,2/03/2026,7:31:00,Ausente,Ausente,Ausente,Café,Dura,Positivo ,Positivo ,Positivo ,Huevos,Trichuris vulpis
MED007,1/03/2026,9:13:00,Medelín,Parque Lineal Ciudad del Rio ,2/03/2026,7:31:00,Ausente,Ausente,Ausente,Café,Dura,Negativo,Negativo,Negativo,No se observan estructuras parasitarias,No se observan estructuras parasitarias
MED008,1/03/2026,9:18:00,Medelín,Parque Lineal Ciudad del Rio ,2/03/2026,7:31:00,Ausente,Ausente,Presente,Café,Dura,Negativo,Negativo,Negativo,No se observan estructuras parasitarias,No se observan estructuras parasitarias
MED009,1/03/2026,9:27:00,Medelín,Parque Lineal Ciudad del Rio ,2/03/2026,7:31:00,Ausente,Ausente,Ausente,Café,Dura,Negativo,Negativo,Negativo,No se observan estructuras parasitarias,No se observan estructuras parasitarias
MED010,1/03/2026,9:40:00,Medelín,Parque Lineal Ciudad del Rio ,2/03/2026,7:31:00,Ausente,Presente,Ausente,Café,Pastosa,Negativo,Negativo,Positivo ,Huevos,Toxocara Canis
MED011,1/03/2026,9:56:00,Medelín,Parque Lineal Ciudad del Rio ,2/03/2026,7:31:00,Ausente,Ausente,Ausente,Café,Dura,Negativo,Negativo,Negativo,No se observan estructuras parasitarias,No se observan estructuras parasitarias
MED012,1/03/2026,10:01:00,Medelín,Parque Lineal Ciudad del Rio ,2/03/2026,7:31:00,Ausente,Ausente,Ausente,Café,Dura,Negativo,Negativo,Negativo,No se observan estructuras parasitarias,No se observan estructuras parasitarias
MED013,1/03/2026,10:04:00,Medelín,Parque Lineal Ciudad del Rio ,2/03/2026,11:02:00,Ausente,Ausente,Ausente,Café,Dura,Negativo,Negativo,Negativo,No se observan estructuras parasitarias,No se observan estructuras parasitarias
MED014,1/03/2026,10:28:00,Medelín,Parque Lineal Ciudad del Rio ,2/03/2026,11:02:00,Ausente,Ausente,Ausente,Café,Dura,Negativo,Negativo,Positivo ,Huevos,Ancylostoma caninum
MED015,1/03/2026,10:31:00,Medelín,Parque Lineal Ciudad del Rio ,2/03/2026,11:02:00,Ausente,Ausente,Ausente,Café,Dura,Negativo,Negativo,Negativo,No se observan estructuras parasitarias,No se observan estructuras parasitarias
MED016,1/03/2026,10:35:00,Medelín,Parque Lineal Ciudad del Rio ,2/03/2026,11:02:00,Ausente,Ausente,Ausente,Café,Dura,Negativo,Negativo,Negativo,No se observan estructuras parasitarias,No se observan estructuras parasitarias
MED017,1/03/2026,10:42:00,Medelín,Parque Lineal Ciudad del Rio ,2/03/2026,11:02:00,Ausente,Ausente,Ausente,Café,Dura,Negativo,Negativo,Negativo,No se observan estructuras parasitarias,No se observan estructuras parasitarias
MED018,1/03/2026,11:14:00,Medelín,Parques del Río Sector los Conquistadores,2/03/2026,11:02:00,Ausente,Presente,Presente,Amarillo ,Pastosa,Negativo,Negativo,Positivo ,Huevos,Toxocara Canis
MED019,1/03/2026,11:20:00,Medelín,Parques del Río Sector los Conquistadores,2/03/2026,11:02:00,Ausente,Ausente,Ausente,Café,Dura,Negativo,Negativo,Negativo,No se observan estructuras parasitarias,No se observan estructuras parasitarias
MED020,1/03/2026,11:28:00,Medelín,Parques del Río Sector los Conquistadores,2/03/2026,11:02:00,Ausente,Ausente,Ausente,Café,Dura,Negativo,Negativo,Negativo,No se observan estructuras parasitarias,No se observan estructuras parasitarias
MED021,1/03/2026,11:34:00,Medelín,Parques del Río Sector los Conquistadores,2/03/2026,15:14:00,Ausente,Ausente,Ausente,Café,Dura,Negativo,Negativo,Negativo,No se observan estructuras parasitarias,No se observan estructuras parasitarias
MED022,1/03/2026,11:34:00,Medelín,Parques del Río Sector los Conquistadores,2/03/2026,15:14:00,Ausente,Ausente,Ausente,Café,Dura,Negativo,Negativo,Negativo,No se observan estructuras parasitarias,No se observan estructuras parasitarias
MED023,1/03/2026,11:49:00,Medelín,Parques del Río Sector los Conquistadores,2/03/2026,15:14:00,Ausente,Ausente,Presente,Café,Dura,Negativo,Negativo,Positivo ,Huevos,Toxocara Canis
MED024,1/03/2026,11:55:00,Medelín,Parques del Río Sector los Conquistadores,2/03/2026,15:14:00,Ausente,Ausente,Ausente,Café,Dura,Negativo,Negativo,Negativo,No se observan estructuras parasitarias,No se observan estructuras parasitarias
MED025,1/03/2026,12:07:00,Medelín,Parques del Río Sector los Conquistadores,2/03/2026,15:14:00,Ausente,Ausente,Ausente,Café,Dura,Negativo,Negativo,Negativo,No se observan estructuras parasitarias,No se observan estructuras parasitarias
MED026,1/03/2026,12:13:00,Medelín,Parques del Río Sector los Conquistadores,2/03/2026,15:14:00,Ausente,Ausente,Ausente,Café,Dura,Negativo,Negativo,Negativo,No se observan estructuras parasitarias,No se observan estructuras parasitarias
MED027,1/03/2026,12:48:00,Medelín,Parques del Río Sector los Conquistadores,2/03/2026,15:14:00,Ausente,Ausente,Ausente,Café,Dura,Negativo,Negativo,Negativo,No se observan estructuras parasitarias,No se observan estructuras parasitarias
MED028,1/03/2026,13:02:00,Medelín,Parques del Río Sector los Conquistadores,2/03/2026,15:14:00,Ausente,Ausente,Ausente,Café,Dura,Negativo,Negativo,Negativo,No se observan estructuras parasitarias,No se observan estructuras parasitarias
MED029,1/03/2026,13:11:00,Medelín,Parques del Río Sector los Conquistadores,2/03/2026,15:14:00,Ausente,Ausente,Ausente,Café,Dura,Positivo ,Positivo ,Negativo,Quistes,Giardia intestinalis
MED030,1/03/2026,13:22:00,Medelín,Parques del Río Sector los Conquistadores,2/03/2026,15:14:00,Ausente,Ausente,Ausente,Café,Dura,Negativo,Negativo,Negativo,No se observan estructuras parasitarias,No se observan estructuras parasitarias
MED031,1/03/2026,13:40:00,Medelín,Parques del Río Sector los Conquistadores,2/03/2026,15:14:00,Ausente,Ausente,Ausente,Café,Dura,Negativo,Negativo,Negativo,No se observan estructuras parasitarias,No se observan estructuras parasitarias
MED032,1/03/2026,13:54:00,Medelín,Parques del Río Sector los Conquistadores,2/03/2026,15:14:00,Ausente,Ausente,Ausente,Café,Dura,Negativo,Negativo,Negativo,No se observan estructuras parasitarias,No se observan estructuras parasitarias
MED033,1/03/2026,14:10:00,Medelín,Parques del Río Sector los Conquistadores,2/03/2026,15:14:00,Ausente,Ausente,Presente,Café,Pastosa,Negativo,Negativo,Negativo,No se observan estructuras parasitarias,No se observan estructuras parasitarias
ENV001,5/04/2026,7:41:00,Envigado,Parque Ecológico Urbano el Dorado,6/04/2026,15:14:00,Ausente,Ausente,Ausente,Café,Dura,Negativo,Negativo,Negativo,No se observan estructuras parasitarias,No se observan estructuras parasitarias
ENV002,5/04/2026,7:45:00,Envigado,Parque Ecológico Urbano el Dorado,6/04/2026,7:20:00,Ausente,Ausente,Ausente,Café,Dura,Negativo,Negativo,Negativo,No se observan estructuras parasitarias,No se observan estructuras parasitarias
ENV003,5/04/2026,7:53:00,Envigado,Parque Ecológico Urbano el Dorado,6/04/2026,7:20:00,Ausente,Ausente,Ausente,Café,Dura,Negativo,Negativo,Negativo,No se observan estructuras parasitarias,No se observan estructuras parasitarias
ENV004,5/04/2026,7:59:00,Envigado,Parque Ecológico Urbano el Dorado,6/04/2026,7:20:00,Ausente,Ausente,Presente,Café,Dura,Negativo,Negativo,Negativo,No se observan estructuras parasitarias,No se observan estructuras parasitarias
ENV005,5/04/2026,8:11:00,Envigado,Parque Ecológico Urbano el Dorado,6/04/2026,7:20:00,Ausente,Ausente,Ausente,Café,Dura,Negativo,Negativo,Negativo,No se observan estructuras parasitarias,No se observan estructuras parasitarias
ENV006,5/04/2026,8:18:00,Envigado,Parque Ecológico Urbano el Dorado,6/04/2026,7:20:00,Ausente,Presente,Ausente,Café,Dura,Negativo,Negativo,Negativo,No se observan estructuras parasitarias,No se observan estructuras parasitarias
ENV007,5/04/2026,8:30:00,Envigado,Parque Ecológico Urbano el Dorado,6/04/2026,7:20:00,Ausente,Ausente,Ausente,Café,Dura,Negativo,Negativo,Negativo,No se observan estructuras parasitarias,No se observan estructuras parasitarias
ENV008,5/04/2026,8:46:00,Envigado,Parque Ecológico Urbano el Dorado,6/04/2026,7:20:00,Ausente,Ausente,Ausente,Café,Dura,Negativo,Negativo,Negativo,No se observan estructuras parasitarias,No se observan estructuras parasitarias
ENV009,5/04/2026,8:52:00,Envigado,Parque Ecológico Urbano el Dorado,6/04/2026,7:20:00,Ausente,Ausente,Presente,Café,Pastosa,Positivo ,Negativo,Positivo ,Huevos,Ancylostoma caninum
ENV010,5/04/2026,9:02:00,Envigado,Parque Ecológico Urbano el Dorado,6/04/2026,7:20:00,Ausente,Ausente,Ausente,Café,Dura,Negativo,Negativo,Negativo,No se observan estructuras parasitarias,No se observan estructuras parasitarias
ENV011,5/04/2026,9:10:00,Envigado,Parque Ecológico Urbano el Dorado,6/04/2026,7:20:00,Ausente,Ausente,Ausente,Café,Dura,Negativo,Negativo,Negativo,No se observan estructuras parasitarias,No se observan estructuras parasitarias
ENV012,5/04/2026,9:27:00,Envigado,Parque Ecológico Urbano el Dorado,6/04/2026,7:20:00,Ausente,Ausente,Ausente,Café,Dura,Negativo,Negativo,Negativo,No se observan estructuras parasitarias,No se observan estructuras parasitarias
ENV013,5/04/2026,10:05:00,Envigado,Parque Ecológico Urbano el Dorado,6/04/2026,7:20:00,Ausente,Ausente,Ausente,Café,Dura,Negativo,Negativo,Negativo,No se observan estructuras parasitarias,No se observan estructuras parasitarias
ENV014,5/04/2026,10:28:00,Envigado,Parque Ecológico Urbano el Dorado,6/04/2026,11:00:00,Ausente,Ausente,Presente,Café,Dura,Positivo ,Negativo,Positivo ,Huevos,Ancylostoma caninum
ENV015,5/04/2026,10:39:00,Envigado,Parque Ecológico Urbano el Dorado,6/04/2026,11:00:00,Ausente,Ausente,Ausente,Café,Dura,Negativo,Negativo,Negativo,No se observan estructuras parasitarias,No se observan estructuras parasitarias
ENV016,5/04/2026,10:43:00,Envigado,Parque Ecológico Urbano el Dorado,6/04/2026,11:00:00,Ausente,Ausente,Ausente,Café,Dura,Negativo,Negativo,Negativo,No se observan estructuras parasitarias,No se observan estructuras parasitarias
ENV017,5/04/2026,11:16:00,Envigado,Parque Débora Arango,6/04/2026,11:00:00,Ausente,Ausente,Ausente,Café,Dura,Negativo,Negativo,Negativo,No se observan estructuras parasitarias,No se observan estructuras parasitarias
ENV018,5/04/2026,11:20:00,Envigado,Parque Débora Arango,6/04/2026,11:00:00,Ausente,Ausente,Ausente,Café,Dura,Negativo,Negativo,Positivo ,Huevos,Ancylostoma caninum
ENV019,5/04/2026,11:29:00,Envigado,Parque Débora Arango,6/04/2026,11:00:00,Ausente,Ausente,Ausente,Café,Dura,Negativo,Negativo,Negativo,No se observan estructuras parasitarias,No se observan estructuras parasitarias
ENV020,5/04/2026,11:33:00,Envigado,Parque Débora Arango,6/04/2026,15:11:00,Ausente,Ausente,Ausente,Café,Dura,Negativo,Negativo,Negativo,No se observan estructuras parasitarias,No se observan estructuras parasitarias
ENV021,5/04/2026,12:01:00,Envigado,Parque Débora Arango,6/04/2026,15:11:00,Ausente,Ausente,Ausente,Café,Dura,Negativo,Negativo,Negativo,No se observan estructuras parasitarias,No se observan estructuras parasitarias
ENV022,5/04/2026,12:12:00,Envigado,Parque Débora Arango,6/04/2026,15:11:00,Ausente,Ausente,Ausente,Café,Dura,Negativo,Negativo,Negativo,No se observan estructuras parasitarias,No se observan estructuras parasitarias
ENV023,5/04/2026,12:34:00,Envigado,Parque Débora Arango,6/04/2026,15:11:00,Ausente,Ausente,Presente,Café,Dura,Negativo,Negativo,Negativo,No se observan estructuras parasitarias,No se observan estructuras parasitarias
ENV024,5/04/2026,12:45:00,Envigado,Parque Débora Arango,6/04/2026,15:11:00,Ausente,Ausente,Ausente,Café,Dura,Negativo,Negativo,Negativo,No se observan estructuras parasitarias,No se observan estructuras parasitarias
ENV025,5/04/2026,12:50:00,Envigado,Parque Débora Arango,6/04/2026,15:11:00,Ausente,Ausente,Ausente,Café,Dura,Negativo,Negativo,Negativo,No se observan estructuras parasitarias,No se observan estructuras parasitarias
ENV026,5/04/2026,14:02:00,Envigado,Parque Débora Arango,6/04/2026,15:11:00,Ausente,Ausente,Ausente,Café,Dura,Negativo,Negativo,Negativo,No se observan estructuras parasitarias,No se observan estructuras parasitarias
ENV027,5/04/2026,14:10:00,Envigado,Parque Débora Arango,6/04/2026,15:11:00,Ausente,Ausente,Ausente,Café,Dura,Negativo,Negativo,Positivo ,Huevos,Ancylostoma caninum
ENV028,5/04/2026,14:23:00,Envigado,Parque Débora Arango,6/04/2026,15:11:00,Ausente,Ausente,Ausente,Café,Dura,Negativo,Negativo,Negativo,No se observan estructuras parasitarias,No se observan estructuras parasitarias
ENV029,5/04/2026,14:49:00,Envigado,Parque Débora Arango,6/04/2026,15:11:00,Ausente,Ausente,Ausente,Café,Dura,Negativo,Negativo,Negativo,No se observan estructuras parasitarias,No se observan estructuras parasitarias
ENV030,5/04/2026,15:13:00,Envigado,Parque Débora Arango,6/04/2026,15:11:00,Ausente,Ausente,Ausente,Café,Dura,Negativo,Negativo,Negativo,No se observan estructuras parasitarias,No se observan estructuras parasitarias
ENV031,5/04/2026,15:16:00,Envigado,Parque Débora Arango,6/04/2026,15:11:00,Ausente,Ausente,Ausente,Café,Dura,Negativo,Negativo,Negativo,No se observan estructuras parasitarias,No se observan estructuras parasitarias
ENV032,5/04/2026,15:30:00,Envigado,Parque Débora Arango,6/04/2026,15:11:00,Ausente,Ausente,Ausente,Café,Dura,Negativo,Negativo,Negativo,No se observan estructuras parasitarias,No se observan estructuras parasitarias
ENV033,5/04/2026,15:49:00,Envigado,Parque Débora Arango,6/04/2026,15:11:00,Ausente,Ausente,Ausente,Café,Dura,Negativo,Negativo,Negativo,No se observan estructuras parasitarias,No se observan estructuras parasitarias
,,<,,,,,,,,,,,,,,